Action,Time,ISIN,Ticker,Name,Notes,ID,No. of shares,Price / share,Currency (Price / share),Exchange rate,Result,Currency (Result),Total,Currency (Total),Withholding tax,Currency (Withholding tax),Currency conversion fee,Currency (Currency conversion fee)
Deposit,2024-11-07 16:50:02,,,,"Transaction ID: b59e2993-a6bf-4b44-8287-e75af8d9088b",0db37642-0c6d-4a59-ac48-19ef7b3eee1a,,,,,,,100.00,"GBP",,,,
Market buy,2024-11-08 09:59:54,US26740W1099,QBTS,"D-Wave Quantum",,EOF23157662461,45.5668300000,1.4200000000,USD,1.29591224,,,50.00,"GBP",,,0.07,"GBP"
Market buy,2024-11-08 10:00:52,US76655K1034,RGTI,"Rigetti Computing",,EOF23157662614,45.2474800000,1.4300000000,USD,1.29589217,,,50.00,"GBP",,,0.07,"GBP"
Deposit,2024-11-30 14:30:45,,,,"Transaction ID: e44b1a0d-613d-45b1-b5fd-e680a823b601",60144ff3-d609-42c9-9b66-ce5464971035,,,,,,,300.00,"GBP",,,,
Market buy,2024-12-04 09:04:39,US7731211089,RKLB,"Rocket Lab Corporation",,EOF24456167828,5.4905000000,22.9800000000,USD,1.26361231,,,100.00,"GBP",,,0.15,"GBP"
Market buy,2024-12-04 09:05:58,IE00B3XXRP09,VUSA,"Vanguard S&P 500 (Dist)",,EOF24456167989,1.1082310000,91.1000100000,GBP,1.00000000,,,100.96,"GBP",,,,
Market buy,2024-12-09 15:32:22,US76655K1034,RGTI,"Rigetti Computing",,EOF24756500007,14.1554700000,4.5100000000,USD,1.27861345,,,50.00,"GBP",,,0.07,"GBP"
Market buy,2024-12-09 15:36:43,US26740W1099,QBTS,"D-Wave Quantum",,EOF24756502427,13.5715600000,4.6100000000,USD,1.27866118,,,49.00,"GBP",,,0.07,"GBP"
Deposit,2024-12-11 10:05:23,,,,"Transaction ID: 4894415e-e4c1-4b1c-b68f-15a9fc3dd615",3b76720e-c497-455f-b0f0-1bdd8cbe90ee,,,,,,,20.00,"GBP",,,,
Market buy,2024-12-11 10:06:37,FR001400X2S4,ATO,"Atos",,EOF24807267477,13476.6600000000,0.0018000000,EUR,1.21229325,,,20.04,"GBP",,,0.03,"GBP"
Deposit,2024-12-16 11:02:55,,,,"Transaction ID: f55a2e29-27c8-48d6-989c-095e99fd1093",ff0cab77-2ef7-42f7-93ee-be6ea0db8645,,,,,,,1200.00,"GBP",,,,
Market buy,2024-12-16 11:12:30,IE00B3XXRP09,VUSA,"Vanguard S&P 500 (Dist)",,EOF25102303072,8.2615030000,90.7825000000,GBP,1.00000000,,,750.00,"GBP",,,,
Market buy,2024-12-16 11:17:26,VGG794831062,LAES,"SEALSQ",,EOF25102303732,47.6537700000,2.6500000000,USD,1.26472198,,,100.00,"GBP",,,0.15,"GBP"
Market buy,2024-12-17 14:19:29,FR001400X2S4,ATO,"Atos",,EOF25151188258,7099.3500000000,0.0017000000,EUR,1.20930811,,,9.99,"GBP",,,0.01,"GBP"
Withdrawal,2024-12-17 14:20:05,,,,,11ea48f7-d360-4ece-a300-e97d752883ea,,,,,,,-340.00,"GBP",,,,
Deposit,2024-12-19 15:36:00,,,,,8fdf4a85-0050-40b3-8cec-facbc932d34e,,,,,,,300.00,"GBP",,,,
Market buy,2024-12-19 15:36:33,US76655K1034,RGTI,"Rigetti Computing",,EOF25255446065,24.0294600000,7.8300000000,USD,1.25618020,,,150.00,"GBP",,,0.22,"GBP"
Market buy,2024-12-19 15:36:52,US26740W1099,QBTS,"D-Wave Quantum",,EOF25255446252,28.6365700000,6.5700000000,USD,1.25604022,,,150.01,"GBP",,,0.22,"GBP"
Deposit,2024-12-19 15:37:23,,,,,1e70addd-e4c5-42ec-b612-c965b17d83d6,,,,,,,43.00,"GBP",,,,
Market buy,2024-12-19 15:37:52,VGG794831062,LAES,"SEALSQ",,EOF25255446763,25.9353300000,2.0800000000,USD,1.25629917,,,43.00,"GBP",,,0.06,"GBP"
Dividend (Dividend),2024-12-27 15:34:30,IE00B3XXRP09,VUSA,"Vanguard S&P 500 (Dist)",,,1.1082310000,0.244515,GBP,1.00000000,,,0.27,"GBP",0.00,GBP,,
Deposit,2025-01-06 14:47:48,,,,"Transaction ID: d9e5daa3-9040-40c8-8856-a2c36ea4014c",69f0200c-9e88-47d0-b744-e85c94a2d81f,,,,,,,300.00,"GBP",,,,
Market buy,2025-01-06 15:01:52,IL0011475949,RVSN,"Rail Vision",,EOF26157409347,69.4003300000,1.8000000000,USD,1.25108256,,,100.00,"GBP",,,0.15,"GBP"
Market buy,2025-01-06 15:05:55,US3439273075,FLYE,"FLY-E Group",,EOF26157412123,166.6260000000,0.7500000000,USD,1.25157235,,,100.00,"GBP",,,0.15,"GBP"
Interest on cash,2025-01-07 02:09:36,,,,"Interest on cash",c950b995-a690-4b4a-a8ea-3a669b851fe0,,,,,,,0.01,"GBP",,,,
Market buy,2025-01-07 13:13:57,US6748705067,OPTT,"Ocean Power Technologies",,EOF26201853342,88.4089400000,1.4200000000,USD,1.25377703,,,100.28,"GBP",,,0.15,"GBP"
Dividend (Dividend),2025-04-02 14:44:32,IE00B3XXRP09,VUSA,"Vanguard S&P 500 (Dist)",,,9.3697340000,0.248279,GBP,1.00000000,,,2.33,"GBP",0.00,GBP,,
Stock split close,2025-04-24 07:19:42,FR001400X2S4,ATO,"Atos",,EOF31555946479,20576.0100000000,0.0017660000,EUR,1.21164500,0.00,"GBP",29.99,"GBP",,,,
Stock split open,2025-04-24 07:19:42,FR001400X2S4,ATO,"Atos",,EOF31555946482,2.0576010000,17.6565000000,EUR,1.21140487,,,29.99,"GBP",,,,
Interest on cash,2025-04-26 00:11:53,,,,"Interest on cash",da3f2923-f45c-4b2e-b7c3-e7f7258b08b6,,,,,,,0.01,"GBP",,,,
Interest on cash,2025-05-31 00:12:43,,,,"Interest on cash",e7ed3ac8-4ef8-4541-b480-413949752f18,,,,,,,0.01,"GBP",,,,
Market sell,2025-06-11 11:49:03,US26740W1099,QBTS,"D-Wave Quantum",,EOF34001320176,19.3231750000,17.4800000000,USD,1.34902587,195.64,"GBP",250.00,"GBP",,,0.38,"GBP"
Market sell,2025-06-11 11:53:20,US76655K1034,RGTI,"Rigetti Computing",,EOF34001320771,28.1654710000,11.9900000000,USD,1.34876586,166.11,"GBP",250.00,"GBP",,,0.38,"GBP"
Market sell,2025-06-11 11:53:56,VGG794831062,LAES,"SEALSQ",,EOF34001320896,47.5748200000,4.0600000000,USD,1.34874498,50.90,"GBP",143.00,"GBP",,,0.21,"GBP"
Market sell,2025-06-11 11:54:19,US7731211089,RKLB,"Rocket Lab Corporation",,EOF34001320985,4.8991510000,27.5700000000,USD,1.34867292,11.05,"GBP",100.00,"GBP",,,0.15,"GBP"
Market sell,2025-06-11 11:55:49,FR001400X2S4,ATO,"Atos",,EOF34001321189,0.9468430000,37.4500000000,EUR,1.18040180,16.24,"GBP",29.99,"GBP",,,0.05,"GBP"
Withdrawal,2025-06-11 11:57:31,,,,,d87ab33e-ce29-4159-a667-cd4bcb68840f,,,,,,,-775.34,"GBP",,,,
Dividend (Dividend),2025-07-02 12:42:41,IE00B3XXRP09,VUSA,"Vanguard S&P 500 (Dist)",,,9.3697340000,0.227797,GBP,1.00000000,,,2.13,"GBP",-0.00,GBP,,
Stock split close,2025-07-07 06:21:24,US3439273075,FLYE,"FLY-E Group",,EOF35201233657,166.6260000000,0.7500030000,USD,1.25157736,0.00,"GBP",99.85,"GBP",,,,
Stock split open,2025-07-07 06:21:24,US3439273075,FLYE,"FLY-E Group",,EOF35201233662,33.3252000000,3.7500150000,USD,1.25157736,,,99.85,"GBP",,,,
Interest on cash,2025-07-30 00:15:59,,,,"Interest on cash",e362486c-0cc7-4c9a-bfe3-6eac3d22f6f6,,,,,,,0.01,"GBP",,,,
Interest on cash,2025-09-10 00:11:19,,,,"Interest on cash",fe2bc8a9-5971-4e1b-9098-2624db39e71e,,,,,,,0.01,"GBP",,,,
Dividend (Dividend),2025-10-01 13:05:59,IE00B3XXRP09,VUSA,"Vanguard S&P 500 (Dist)",,,9.3697340000,0.223815,GBP,1.00000000,,,2.10,"GBP",0.00,GBP,,
Deposit,2025-10-09 23:11:08,,,,"Transaction ID: 9b546212-7b6b-47ce-9eb5-6724878e4ffa",9f1781f9-93a3-4dbf-8e2c-8932edb9bc0d,,,,,,,50.00,"GBP",,,,
Deposit,2025-10-10 16:17:39,,,,"Transaction ID: JWMVJWRH3ZWFZHP9",f8518e3c-c4d1-4ec6-b954-c3fe55e53c18,,,,,,,50.00,"GBP",,,,
Market buy,2025-10-10 17:03:36,US02079K3059,GOOGL,"Alphabet (Class A)",,EOF40061882645,0.0056300300,237.0500000000,USD,1.33459861,,,1.00,"GBP",,,,
Market buy,2025-10-10 17:03:36,US76655K1034,RGTI,"Rigetti Computing",,EOF40061882642,0.0438916900,45.6100000000,USD,1.33459998,,,1.50,"GBP",,,,
Market buy,2025-10-10 17:03:36,US7731211089,RKLB,"Rocket Lab Corporation",,EOF40061882650,0.0196901700,67.7800000000,USD,1.33459972,,,1.00,"GBP",,,,
Market buy,2025-10-10 17:03:36,US67066G1040,NVDA,"Nvidia",,EOF40061882653,0.0071353700,187.0400000000,USD,1.33459960,,,1.00,"GBP",,,,
Market buy,2025-10-10 17:03:37,VGG794831062,LAES,"SEALSQ",,EOF40061882660,0.2409007200,5.5400000000,USD,1.33458998,,,1.00,"GBP",,,,
Market buy,2025-10-10 17:03:37,US5949181045,MSFT,"Microsoft",,EOF40061882663,0.0025972500,513.8500000000,USD,1.33459691,,,1.00,"GBP",,,,
Market buy,2025-10-10 17:03:37,US26740W1099,QBTS,"D-Wave Quantum",,EOF40061882672,0.0594207400,33.6900000000,USD,1.33458982,,,1.50,"GBP",,,,
Market buy,2025-10-10 17:03:38,US46222L1089,IONQ,"IonQ",,EOF40061882677,0.0183223500,72.8400000000,USD,1.33459997,,,1.00,"GBP",,,,
Market buy,2025-10-10 17:03:39,US68389X1054,ORCL,"Oracle",,EOF40061882685,0.0045451400,293.6300000000,USD,1.33458945,,,1.00,"GBP",,,,
Market buy,2025-10-10 17:18:53,US67066G1040,NVDA,"Nvidia",,EOF40061888623,0.0196313700,187.5600000000,USD,1.33407962,,,2.76,"GBP",,,,
Market buy,2025-10-10 17:18:53,US76655K1034,RGTI,"Rigetti Computing",,EOF40061888620,0.1103070400,46.2000000000,USD,1.33407990,,,3.83,"GBP",,,0.01,"GBP"
Market buy,2025-10-10 17:18:53,US02079K3059,GOOGL,"Alphabet (Class A)",,EOF40061888626,0.0084226300,237.5900000000,USD,1.33408844,,,1.50,"GBP",,,,
Market buy,2025-10-10 17:18:53,US26740W1099,QBTS,"D-Wave Quantum",,EOF40061888631,0.1495359600,34.0800000000,USD,1.33407997,,,3.83,"GBP",,,0.01,"GBP"
Market buy,2025-10-10 17:18:56,US46222L1089,IONQ,"IonQ",,EOF40061888660,0.0669683600,73.3100000000,USD,1.33408980,,,3.69,"GBP",,,0.01,"GBP"
Market buy,2025-10-10 17:18:56,VGG794831062,LAES,"SEALSQ",,EOF40061888663,0.5056248500,5.6200000000,USD,1.33408997,,,2.13,"GBP",,,,
Market buy,2025-10-10 17:18:59,US5949181045,MSFT,"Microsoft",,EOF40061888677,0.0055525400,514.1700000000,USD,1.33408854,,,2.14,"GBP",,,,
Interest on cash,2025-10-11 00:10:00,,,,"Interest on cash",c58271fb-df5d-40c7-abfd-8b7b93258bf4,,,,,,,0.01,"GBP",,,,
Interest on cash,2025-10-12 00:10:14,,,,"Interest on cash",e31bf5b3-d3b9-4bad-854e-4e33caec6f73,,,,,,,0.01,"GBP",,,,
Interest on cash,2025-10-13 00:10:09,,,,"Interest on cash",6e13d5d9-30eb-4e18-95e4-da838c386867,,,,,,,0.01,"GBP",,,,
Deposit,2025-10-13 07:03:00,,,,"Transaction ID: XND6VTXVQHJQXHF6",7a9792ed-5504-4049-b6b0-9249c0c79bb6,,,,,,,50.00,"GBP",,,,
Interest on cash,2025-10-14 00:09:50,,,,"Interest on cash",8ace56f0-ccee-42ca-b985-e221b623a06e,,,,,,,0.01,"GBP",,,,
Interest on cash,2025-10-15 00:09:44,,,,"Interest on cash",1bf792db-c0f1-426a-b89b-823b166b216d,,,,,,,0.02,"GBP",,,,
Interest on cash,2025-10-16 00:09:43,,,,"Interest on cash",5859eccd-9cb6-4077-b7a8-ccc6875eef3c,,,,,,,0.01,"GBP",,,,
Interest on cash,2025-10-17 00:09:43,,,,"Interest on cash",fa849203-0a7a-4dcd-a6e0-1b5287bffa33,,,,,,,0.01,"GBP",,,,
Market sell,2025-10-17 18:50:31,US3439273075,FLYE,"FLY-E Group",,EOF40411716417,33.3252000000,0.4930000000,USD,1.34336251,-87.62,"GBP",12.21,"GBP",,,0.02,"GBP"
Market sell,2025-10-17 18:52:36,US6748705067,OPTT,"Ocean Power Technologies",,EOF40411716592,88.4089400000,0.5222000000,USD,1.34363063,-65.77,"GBP",34.31,"GBP",,,0.05,"GBP"
Market sell,2025-10-17 18:53:02,IL0011475949,RVSN,"Rail Vision",,EOF40411716618,69.4003300000,0.4466000000,USD,1.34348449,-76.78,"GBP",23.04,"GBP",,,0.03,"GBP"
Interest on cash,2025-10-18 00:09:56,,,,"Interest on cash",67db79ca-a5df-4e09-a677-95cb4271dbc0,,,,,,,0.02,"GBP",,,,
Interest on cash,2025-10-19 00:10:26,,,,"Interest on cash",9a490f62-d68c-4a68-ab8f-8aea63c5acc7,,,,,,,0.02,"GBP",,,,
Interest on cash,2025-10-20 00:09:48,,,,"Interest on cash",47d5633e-f8b7-4b17-9632-e97d27f4521a,,,,,,,0.03,"GBP",,,,
Market sell,2025-10-20 07:00:07,FR001400X2S4,ATO,"Atos",,EOF40451937315,1.1107580000,53.9500000000,EUR,1.15086218,35.88,"GBP",51.99,"GBP",,,0.08,"GBP"
Deposit,2025-10-20 07:03:09,,,,"Transaction ID: MCWJFXLVS96MBQG3",39d76a59-7d73-449c-93cc-b14320bcf4ee,,,,,,,50.00,"GBP",,,,
Limit sell,2025-10-20 12:47:38,US76655K1034,RGTI,"Rigetti Computing",,EOF40604436721,11.0000000000,48.0100000000,USD,1.34276633,359.42,"GBP",392.71,"GBP",,,0.59,"GBP"
Interest on cash,2025-10-21 00:09:38,,,,"Interest on cash",fd5caaff-489f-42cd-ae1a-6240bf37dcb1,,,,,,,0.07,"GBP",,,,
Limit sell,2025-10-21 09:51:50,US26740W1099,QBTS,"D-Wave Quantum",,EOF40650830239,17.0000000000,34.7500000000,USD,1.33841587,392.05,"GBP",440.72,"GBP",,,0.66,"GBP"
Limit sell,2025-10-21 09:54:08,US76655K1034,RGTI,"Rigetti Computing",,EOF40650830599,7.0000000000,43.6700000000,USD,1.33857336,206.81,"GBP",228.03,"GBP",,,0.34,"GBP"
Interest on cash,2025-10-22 00:09:47,,,,"Interest on cash",ef4963e2-58b9-435b-b9d6-238545fb4483,,,,,,,0.15,"GBP",,,,
Withdrawal,2025-10-22 01:49:01,,,,"Sent to Bank Account 20-30-47 / 23998045",b06ad5ca-b6b9-4881-93b8-ecbaefbc547f,,,,,,,-1157.48,"GBP",,,,
Interest on cash,2025-10-23 00:09:47,,,,"Interest on cash",0fbe9870-88e4-4ccb-99ef-7497d53b8512,,,,,,,0.02,"GBP",,,,
Interest on cash,2025-10-24 00:09:53,,,,"Interest on cash",f53e7b95-eb40-4bd2-8f3a-6c546defed4c,,,,,,,0.02,"GBP",,,,
Interest on cash,2025-10-25 01:10:06,,,,"Interest on cash",2f3fe31b-798a-4ee8-8849-bfaa69c0c171,,,,,,,0.02,"GBP",,,,
Interest on cash,2025-10-26 02:10:26,,,,"Interest on cash",ec8f2af0-8b62-4255-9be4-d188801517f9,,,,,,,0.03,"GBP",,,,
Interest on cash,2025-10-27 02:10:11,,,,"Interest on cash",1c9d7bfc-881a-4d7f-a45d-b78d2c017a98,,,,,,,0.02,"GBP",,,,
Deposit,2025-10-27 08:03:33,,,,"Transaction ID: HNGHC232HJ5DXLZ3",d28c7b73-598b-49d0-bde0-629c9e8295cf,,,,,,,50.00,"GBP",,,,
Interest on cash,2025-10-28 02:10:19,,,,"Interest on cash",c187375a-3652-4541-8517-185c43d6c23a,,,,,,,0.02,"GBP",,,,
Interest on cash,2025-10-29 02:10:18,,,,"Interest on cash",e838b75c-37e4-4e87-a24f-bacc8578f5b8,,,,,,,0.03,"GBP",,,,
Interest on cash,2025-10-30 02:10:27,,,,"Interest on cash",94b2efe3-ea0a-4a0e-a7b3-3c247d4b2ebb,,,,,,,0.03,"GBP",,,,
Interest on cash,2025-10-31 02:10:00,,,,"Interest on cash",4852e5ee-3e0c-4bf8-aeac-d40ba2360f82,,,,,,,0.03,"GBP",,,,
Interest on cash,2025-11-01 02:09:57,,,,"Interest on cash",2d4726d8-cf88-42ce-b593-4d68add4c494,,,,,,,0.02,"GBP",,,,
Interest on cash,2025-11-02 02:10:13,,,,"Interest on cash",bdc68487-d6af-4d96-9fe1-1a434cae08ea,,,,,,,0.03,"GBP",,,,
Interest on cash,2025-11-03 02:10:34,,,,"Interest on cash",0fea0b5d-e2c6-4b3e-b399-5f22aeaedca7,,,,,,,0.03,"GBP",,,,
Deposit,2025-11-03 08:03:42,,,,"Transaction ID: G8R6WQ2WP22P92H3",11962265-c803-4493-9b77-b39c5d4b318f,,,,,,,50.00,"GBP",,,,
Market sell,2025-11-03 14:26:15,US26740W1099,QBTS,"D-Wave Quantum",,EOF41308763613,15.7290000000,37.5800000000,USD,1.31255455,404.70,"GBP",449.66,"GBP",,,0.68,"GBP"
Market sell,2025-11-03 14:27:00,US76655K1034,RGTI,"Rigetti Computing",,EOF41308763929,13.2870000000,44.3900000000,USD,1.31235104,408.51,"GBP",448.76,"GBP",,,0.67,"GBP"
Market sell,2025-11-03 14:42:23,US26740W1099,QBTS,"D-Wave Quantum",,EOF41314672911,7.4000000000,35.8200000000,USD,1.31156853,180.63,"GBP",201.80,"GBP",,,0.30,"GBP"
Market sell,2025-11-03 14:48:39,US76655K1034,RGTI,"Rigetti Computing",,EOF41314680214,1.6000000000,42.1100000000,USD,1.31107219,46.46,"GBP",51.31,"GBP",,,0.08,"GBP"
Market sell,2025-11-03 14:51:51,US26740W1099,QBTS,"D-Wave Quantum",,EOF41314682737,1.8710000000,35.0100000000,USD,1.31112309,44.53,"GBP",49.89,"GBP",,,0.07,"GBP"
Withdrawal,2025-11-04 01:22:23,,,,"Sent to card **** 9972",5e1b0db2-5f30-438c-8025-a1285d9a2d48,,,,,,,-1201.00,"GBP",,,,
Interest on cash,2025-11-04 02:10:09,,,,"Interest on cash",405ae02a-1f0a-4d3b-869a-32ff1c1438c5,,,,,,,0.16,"GBP",,,,
Interest on cash,2025-11-05 02:09:57,,,,"Interest on cash",b0509aa2-0456-4012-b877-325f3a564cc2,,,,,,,0.03,"GBP",,,,
Interest on cash,2025-11-06 02:09:52,,,,"Interest on cash",9c398c07-1524-464e-b1f5-77cfc139f983,,,,,,,0.04,"GBP",,,,
Interest on cash,2025-11-07 02:09:48,,,,"Interest on cash",555784e3-48b8-406c-babf-555e31cd76b2,,,,,,,0.03,"GBP",,,,